{
    "name":"pdfviewer",
    "displayName":"Servoy PDF Viewer",
    "packageType": "Web-Component",
    "icon": "https://upload.wikimedia.org/wikipedia/commons/6/6b/Crystal_Clear_mimetype_pdf.png",
    "description": "A simple component for viewing PDF documents in Servoy's NGClient",
    "wikiUrl": "https://github.com/Servoy/svyPDFViewer/wiki",
    "sourceUrl" : "https://github.com/Servoy/svyPDFViewer",
    "releases" : [
        {"version":"1.1.0","url":"https://github.com/Servoy/svyPDFViewer/releases/download/v1.1.0/pdfviewer.zip"},
        {"version":"1.1.1","url":"https://github.com/Servoy/svyPDFViewer/releases/download/v1.1.1/pdfviewer.zip"},
        {"version":"1.2.0","url":"https://github.com/Servoy/svyPDFViewer/releases/download/v1.2.0/pdfviewer.zip"},
        {"version":"1.2.0.1","url":"https://github.com/itechpros/svyPDFViewer/releases/download/v1.2.0.1/pdfviewer.zip"},
        {"version":"1.2.0.2","url":"https://github.com/itechpros/svyPDFViewer/releases/download/v1.2.0.2/pdfviewer.zip"},
        {"version":"1.2.0.3","url":"https://github.com/itechpros/svyPDFViewer/releases/download/v1.2.0.3/pdfviewer.zip"}
    ]
}
